,ID,Line,Condition,Path,Cyt,Mem_tot,Mem_ant,Mem_post,Dosage_sub,Dosage_af,Genotype
0,0,lp637,wt,"/Users/blandt/Desktop/Data/Rundowns/Par2 rundown Neon Jan 2020/200129_lp637_wt_tom4,15,60/15,30_",3411.66972143575,36473.365196376995,1721.4345555697416,80539.33244518124,8131.966618148556,6375.833480562746,Wild type
1,1,lp637,wt,"/Users/blandt/Desktop/Data/Rundowns/Par2 rundown Neon Jan 2020/200129_lp637_wt_tom4,15,60/15,30_1",3231.0429083009903,34528.40882406165,1257.199448772628,79698.65170895556,6870.7172536430835,6031.314827957466,Wild type
2,2,lp637,wt,"/Users/blandt/Desktop/Data/Rundowns/Par2 rundown Neon Jan 2020/200129_lp637_wt_tom4,15,60/15,30_2",3199.6094122512686,33631.1079114589,1082.7674783394632,78158.68799325287,6610.546592439546,5966.670528357991,Wild type
3,3,lp637,wt,"/Users/blandt/Desktop/Data/Rundowns/Par2 rundown Neon Jan 2020/200129_lp637_wt_tom4,15,60/15,60_",3191.8579834333314,34036.44395641894,1190.490619968902,77015.34035801694,6739.407474908646,5981.428258521867,Wild type
4,4,lp637,wt,"/Users/blandt/Desktop/Data/Rundowns/Par2 rundown Neon Jan 2020/200129_lp637_wt_tom4,15,60/15,60_1",3162.375566803927,33880.74749941388,1322.8221030728723,76092.96095114367,6660.820546008666,5969.214846732879,Wild type
5,5,lp637,wt,"/Users/blandt/Desktop/Data/Rundowns/Par2 rundown Neon Jan 2020/200129_lp637_wt_tom4,15,60/15,60_2",3003.370789461531,26968.098248692393,1008.143677545419,58548.37021335492,6114.324208457628,5167.979468403293,Wild type
6,6,lp637,wt,"/Users/blandt/Desktop/Data/Rundowns/Par2 rundown Neon Jan 2020/200129_lp637_wt_tom4,15,60/15,60_3",3402.7121989625784,29502.062440258727,75.63562749774627,68252.50317877295,7135.748863585001,5689.8915778203045,Wild type
7,7,lp637,wt,"/Users/blandt/Desktop/Data/Rundowns/Par2 rundown Neon Jan 2020/200129_lp637_wt_tom4,15,60/15,60_4",3842.573333333087,32783.79975190724,147.15426491549604,71404.44885823436,7910.1615250165605,6344.46433192194,Wild type
8,8,lp637,wt,"/Users/blandt/Desktop/Data/Rundowns/Par2 rundown Neon Jan 2020/200129_lp637_wt_tom4,15,60/15,60_5",3428.6330030343374,36116.12237982856,1092.9422082861706,80221.80539304156,8002.590790237856,6395.325591353699,Wild type
9,9,n2,wt,"/Users/blandt/Desktop/Data/Rundowns/Par2 rundown Neon Jan 2020/200129_n2_wt_tom4,15,60/00",60.96791052404206,-313.11221553831126,-633.0302273276565,335.73562564762585,94.61394692192971,8.610253564893162,N2
10,10,n2,wt,"/Users/blandt/Desktop/Data/Rundowns/Par2 rundown Neon Jan 2020/200129_n2_wt_tom4,15,60/01",132.95240611692134,-173.727785598383,-34.20168803990735,-189.18934514610788,-509.5811154781486,77.03177647059535,N2
11,11,n2,wt,"/Users/blandt/Desktop/Data/Rundowns/Par2 rundown Neon Jan 2020/200129_n2_wt_tom4,15,60/02",60.34011804514309,-827.4283593135905,-662.5727859072266,-470.23406017327153,750.6600696113028,-35.06812210476676,N2
12,12,n2,wt,"/Users/blandt/Desktop/Data/Rundowns/Par2 rundown Neon Jan 2020/200129_n2_wt_tom4,15,60/03",59.89266765300243,-719.5605366967252,-648.2336847671111,-659.4495085788235,246.09543465775914,-36.94488377677989,N2
13,13,n2,wt,"/Users/blandt/Desktop/Data/Rundowns/Par2 rundown Neon Jan 2020/200129_n2_wt_tom4,15,60/04",87.97677503259477,-966.8107185253651,-198.45430666739063,-1164.1378385329908,-581.7883357128435,-37.67834744275036,N2
14,14,nwg246,wt,"/Users/blandt/Desktop/Data/Rundowns/Par2 rundown Neon Jan 2020/200129_nwg246_wt_tom4,15,60/00",4053.657347440369,13175.064145306515,11347.788986303902,13124.474349352256,5762.717772740952,4876.299435402449,"C56S, par-3 -/-"
15,15,nwg246,wt,"/Users/blandt/Desktop/Data/Rundowns/Par2 rundown Neon Jan 2020/200129_nwg246_wt_tom4,15,60/01",4439.574857360957,15920.962924718684,12019.646378141168,17855.56022852751,6591.21677131719,5415.996535292875,"C56S, par-3 -/-"
16,16,nwg246,wt,"/Users/blandt/Desktop/Data/Rundowns/Par2 rundown Neon Jan 2020/200129_nwg246_wt_tom4,15,60/02",4426.826413920889,17386.987741872785,14242.73682146484,16366.237060106501,6527.485125913453,5609.432282326763,"C56S, par-3 -/-"
17,17,lp637,2001301800par2,"/Users/blandt/Desktop/Data/Rundowns/Par2 rundown Neon Jan 2020/200131_lp637_2001301800par2_tom4,15,60/00",1087.1749662732775,1999.3002585712516,860.9935998994416,5034.551980062383,400.73415318070965,1126.7300827515116,Wild type
18,18,lp637,2001301800par2,"/Users/blandt/Desktop/Data/Rundowns/Par2 rundown Neon Jan 2020/200131_lp637_2001301800par2_tom4,15,60/01",856.3882598966582,929.5981068188587,441.5973121225131,2005.5943224966904,12.294046504872313,825.231890351625,Wild type
19,19,lp637,2001301800par2,"/Users/blandt/Desktop/Data/Rundowns/Par2 rundown Neon Jan 2020/200131_lp637_2001301800par2_tom4,15,60/02",959.1241066921747,1417.6675884232006,234.19172762282886,3375.8502017093697,392.983550026579,939.2041556375539,Wild type
20,20,lp637,2001301800par2,"/Users/blandt/Desktop/Data/Rundowns/Par2 rundown Neon Jan 2020/200131_lp637_2001301800par2_tom4,15,60/03",1168.5058777808406,1706.3663217293108,552.2077950529773,4647.701254723595,534.0202514289658,1149.4447301249465,Wild type
21,21,lp637,2001301800par2,"/Users/blandt/Desktop/Data/Rundowns/Par2 rundown Neon Jan 2020/200131_lp637_2001301800par2_tom4,15,60/04",1186.0113209889093,2357.5444364109208,-229.26691990935564,7530.72471562634,1126.31097858483,1248.7826087154106,Wild type
22,22,lp637,2001310930par2,"/Users/blandt/Desktop/Data/Rundowns/Par2 rundown Neon Jan 2020/200131_lp637_2001310930par2_tom4,15,60/30",3617.817016246147,29009.281906955483,149.0090401642716,75225.04441302072,5946.877015223513,5754.303307077625,Wild type
23,23,lp637,2001310930par2,"/Users/blandt/Desktop/Data/Rundowns/Par2 rundown Neon Jan 2020/200131_lp637_2001310930par2_tom4,15,60/32",3464.681103320269,28418.956327358894,910.2088470633746,64340.258652013064,6286.47939930343,5624.076967161212,Wild type
24,24,lp637,2001310930par2,"/Users/blandt/Desktop/Data/Rundowns/Par2 rundown Neon Jan 2020/200131_lp637_2001310930par2_tom4,15,60/33",3423.668266254207,37191.50436345136,1600.1121303553805,92129.24815697463,6871.1003608669735,6333.481019723084,Wild type
25,25,lp637,2001310930par2,"/Users/blandt/Desktop/Data/Rundowns/Par2 rundown Neon Jan 2020/200131_lp637_2001310930par2_tom4,15,60/34",3574.81424537936,28975.653722781975,841.6197207309817,68854.97681316435,6038.294594705359,5668.866450543562,Wild type
26,26,lp637,2001310930par2,"/Users/blandt/Desktop/Data/Rundowns/Par2 rundown Neon Jan 2020/200131_lp637_2001310930par2_tom4,15,60/46",2580.7388848405103,15986.972613747324,404.9801949648101,46791.381303524744,3802.0732954766927,3690.1000389187056,Wild type
27,27,lp637,2001310930par2,"/Users/blandt/Desktop/Data/Rundowns/Par2 rundown Neon Jan 2020/200131_lp637_2001310930par2_tom4,15,60/47",2652.477787047333,16693.64491924081,329.1308572285084,40308.90034633085,4470.894439976592,3835.3445434052755,Wild type
28,28,lp637,2001310930par2,"/Users/blandt/Desktop/Data/Rundowns/Par2 rundown Neon Jan 2020/200131_lp637_2001310930par2_tom4,15,60/48",2995.6196428243215,24764.992783926707,1756.522268918528,61305.349313601815,5009.677791900586,4885.695363384712,Wild type
29,29,lp637,2001310930par2,"/Users/blandt/Desktop/Data/Rundowns/Par2 rundown Neon Jan 2020/200131_lp637_2001310930par2_tom4,15,60/58",3042.7173575680335,17031.76968115618,-350.94809295146996,40210.024797846905,4095.198274880345,4110.83164708116,Wild type
30,30,lp637,2001310930par2,"/Users/blandt/Desktop/Data/Rundowns/Par2 rundown Neon Jan 2020/200131_lp637_2001310930par2_tom4,15,60/59",2853.693374467084,14343.294783207828,-1479.515125543466,36595.72758938979,3636.0704030904444,3720.653587132743,Wild type
31,31,lp637,2001310930par2,"/Users/blandt/Desktop/Data/Rundowns/Par2 rundown Neon Jan 2020/200131_lp637_2001310930par2_tom4,15,60/60",2796.1534411324556,14948.048812623258,-825.6205592541,35818.013079523414,3503.9647958256373,3763.431660703949,Wild type
32,32,lp637,2001310930par2,"/Users/blandt/Desktop/Data/Rundowns/Par2 rundown Neon Jan 2020/200131_lp637_2001310930par2_tom4,15,60/61",2406.62573273303,9932.481242010874,600.1576903017295,22642.254319011063,2709.3584214744415,2965.1492113522186,Wild type
33,33,lp637,2001310930par2,"/Users/blandt/Desktop/Data/Rundowns/Par2 rundown Neon Jan 2020/200131_lp637_2001310930par2_tom4,15,60/62",1895.5525236247945,7938.053978231362,2.4955049289207767,21739.8395731754,1581.1707295927154,2377.6441098998544,Wild type
34,34,lp637,2001310930par2,"/Users/blandt/Desktop/Data/Rundowns/Par2 rundown Neon Jan 2020/200131_lp637_2001310930par2_tom4,15,60/64",2865.965653941988,18130.200224845383,-67.81371859233099,43956.130677011606,4046.9655057950067,4089.004096134137,Wild type
35,35,lp637,2001310930par2,"/Users/blandt/Desktop/Data/Rundowns/Par2 rundown Neon Jan 2020/200131_lp637_2001310930par2_tom4,15,60/73",2901.550130286726,14162.672934298405,-1493.1073508094296,36931.176663411396,4330.642308110223,3825.99837602113,Wild type
36,36,lp637,2001310930par2,"/Users/blandt/Desktop/Data/Rundowns/Par2 rundown Neon Jan 2020/200131_lp637_2001310930par2_tom4,15,60/74",2341.5745351430023,11073.615975691637,-1152.0763501996694,28864.779115693793,2702.7743965968493,3033.9936368518784,Wild type
37,37,lp637,2001310930par2,"/Users/blandt/Desktop/Data/Rundowns/Par2 rundown Neon Jan 2020/200131_lp637_2001310930par2_tom4,15,60/75",2428.9097737653924,9813.032300874915,-804.7181665688719,25962.817076664025,2537.2500006257305,2991.7105992258644,Wild type
38,38,lp637,2001310930par2,"/Users/blandt/Desktop/Data/Rundowns/Par2 rundown Neon Jan 2020/200131_lp637_2001310930par2_tom4,15,60/76",2408.9620767823867,9749.297579301576,-1072.5826221290467,26447.972112117357,3223.0019363369274,2991.50664757701,Wild type
39,39,lp637,2001310930par2,"/Users/blandt/Desktop/Data/Rundowns/Par2 rundown Neon Jan 2020/200131_lp637_2001310930par2_tom4,15,60/77",2375.1084739408766,8674.795476714142,712.8095457479764,24955.553483059146,2419.8961265655407,2797.4665462696485,Wild type
40,40,lp637,2001310930par2,"/Users/blandt/Desktop/Data/Rundowns/Par2 rundown Neon Jan 2020/200131_lp637_2001310930par2_tom4,15,60/78",2557.7943662228067,11427.944083601418,-185.138382653928,29743.16988091504,2965.092878732383,3204.090072551088,Wild type
41,41,nwg201,2001301800par2,"/Users/blandt/Desktop/Data/Rundowns/Par2 rundown Neon Jan 2020/200131_nwg201_2001301800par2_tom4,15,60/06",887.6991764786849,2472.2659474298475,1799.6971385543968,3059.7037831197135,385.5253741084016,996.5349679456448,"Wild type, par-3 -/-"
42,42,nwg201,2001301800par2,"/Users/blandt/Desktop/Data/Rundowns/Par2 rundown Neon Jan 2020/200131_nwg201_2001301800par2_tom4,15,60/07",319.9616735394268,490.3775951766023,123.47643256696544,-616.5395018135639,-236.8812025542311,293.740691687805,"Wild type, par-3 -/-"
43,43,nwg201,2001301800par2,"/Users/blandt/Desktop/Data/Rundowns/Par2 rundown Neon Jan 2020/200131_nwg201_2001301800par2_tom4,15,60/08",756.0436029454527,1260.9851157050484,1367.877477755716,1999.875851284897,446.5903328933,761.3089585368203,"Wild type, par-3 -/-"
44,44,nwg201,2001301800par2,"/Users/blandt/Desktop/Data/Rundowns/Par2 rundown Neon Jan 2020/200131_nwg201_2001301800par2_tom4,15,60/09",549.7604955875812,585.2242537165038,397.2842908637168,769.9513031499337,319.25624326956677,507.96978735736803,"Wild type, par-3 -/-"
45,45,nwg201,2001301800par2,"/Users/blandt/Desktop/Data/Rundowns/Par2 rundown Neon Jan 2020/200131_nwg201_2001301800par2_tom4,15,60/10",644.404244606756,1057.919938212859,983.9771830668144,1603.9605710103708,84.84338542440855,663.0209984254092,"Wild type, par-3 -/-"
46,46,nwg201,2001301800par2,"/Users/blandt/Desktop/Data/Rundowns/Par2 rundown Neon Jan 2020/200131_nwg201_2001301800par2_tom4,15,60/11",593.4477091552109,748.6465808921603,578.6884732417967,976.963596526781,118.22015797471249,582.4292411094274,"Wild type, par-3 -/-"
47,47,nwg201,2001310930par2,"/Users/blandt/Desktop/Data/Rundowns/Par2 rundown Neon Jan 2020/200131_nwg201_2001310930par2_tom4,15,60/34",2861.948586131938,29333.600432704006,25869.20039180059,31858.323717911466,6037.188243774742,5327.074544644092,"Wild type, par-3 -/-"
48,48,nwg201,2001310930par2,"/Users/blandt/Desktop/Data/Rundowns/Par2 rundown Neon Jan 2020/200131_nwg201_2001310930par2_tom4,15,60/35",2467.890151937806,27968.264614042346,27878.952820316255,33271.28042567783,5992.215489980202,4841.658938514133,"Wild type, par-3 -/-"
49,49,nwg201,2001310930par2,"/Users/blandt/Desktop/Data/Rundowns/Par2 rundown Neon Jan 2020/200131_nwg201_2001310930par2_tom4,15,60/36",2619.0080730558616,23174.42228908867,23325.047946182836,27479.20314775111,4989.834300980813,4528.562330506301,"Wild type, par-3 -/-"
50,50,nwg201,2001310930par2,"/Users/blandt/Desktop/Data/Rundowns/Par2 rundown Neon Jan 2020/200131_nwg201_2001310930par2_tom4,15,60/37",2414.9869632604177,24300.315876634122,23791.95389974552,29977.386043807335,5931.184991451716,4410.404309747984,"Wild type, par-3 -/-"
51,51,nwg201,2001310930par2,"/Users/blandt/Desktop/Data/Rundowns/Par2 rundown Neon Jan 2020/200131_nwg201_2001310930par2_tom4,15,60/38",2688.7783077623767,27183.68589582831,26124.906920091442,32471.048976072492,5412.497227553121,4951.549654632265,"Wild type, par-3 -/-"
52,52,nwg201,2001310930par2,"/Users/blandt/Desktop/Data/Rundowns/Par2 rundown Neon Jan 2020/200131_nwg201_2001310930par2_tom4,15,60/39",2664.106978827717,26747.749675491512,24183.87459493932,30382.618598015175,5085.703051038957,4872.706823301235,"Wild type, par-3 -/-"
53,53,nwg201,2001310930par2,"/Users/blandt/Desktop/Data/Rundowns/Par2 rundown Neon Jan 2020/200131_nwg201_2001310930par2_tom4,15,60/48",2648.948699930972,17546.17760258727,14278.571231876675,19466.8441523674,4062.9510752491633,3960.2865718230496,"Wild type, par-3 -/-"
54,54,nwg201,2001310930par2,"/Users/blandt/Desktop/Data/Rundowns/Par2 rundown Neon Jan 2020/200131_nwg201_2001310930par2_tom4,15,60/50",2591.30444967383,19282.087757431484,19092.317364390932,21550.768121513207,3905.970917819376,4057.5010489281954,"Wild type, par-3 -/-"
55,55,nwg201,2001310930par2,"/Users/blandt/Desktop/Data/Rundowns/Par2 rundown Neon Jan 2020/200131_nwg201_2001310930par2_tom4,15,60/55",2311.8250361096348,21013.068998414354,16838.198954832962,23098.38568684866,4470.720502557798,4052.8203463185882,"Wild type, par-3 -/-"
56,56,nwg201,2001310930par2,"/Users/blandt/Desktop/Data/Rundowns/Par2 rundown Neon Jan 2020/200131_nwg201_2001310930par2_tom4,15,60/56",2321.1650134942047,17957.685428545734,18329.96835042115,20005.042800970517,3630.5616435035927,3719.6652639006356,"Wild type, par-3 -/-"
57,57,nwg201,2001310930par2,"/Users/blandt/Desktop/Data/Rundowns/Par2 rundown Neon Jan 2020/200131_nwg201_2001310930par2_tom4,15,60/57",2229.774760783629,14088.21353026441,11936.032974356724,17812.524597384916,3069.5236623393384,3256.966641121622,"Wild type, par-3 -/-"
58,58,nwg201,2001310930par2,"/Users/blandt/Desktop/Data/Rundowns/Par2 rundown Neon Jan 2020/200131_nwg201_2001310930par2_tom4,15,60/64",1231.0878518105744,4076.8177269085536,2839.000713960494,5368.714504466254,1098.5036710393388,1453.6345310519534,"Wild type, par-3 -/-"
59,59,nwg201,2001310930par2,"/Users/blandt/Desktop/Data/Rundowns/Par2 rundown Neon Jan 2020/200131_nwg201_2001310930par2_tom4,15,60/65",2603.595648298251,22285.148730032666,18085.238416180615,28059.177770857343,4937.712667068902,4399.810722609793,"Wild type, par-3 -/-"
60,60,nwg201,2001310930par2,"/Users/blandt/Desktop/Data/Rundowns/Par2 rundown Neon Jan 2020/200131_nwg201_2001310930par2_tom4,15,60/66",1980.4460800848008,13011.269710479182,12375.215795560483,14556.588899407521,2815.8417760575585,2971.8570226465863,"Wild type, par-3 -/-"
61,61,nwg201,2001310930par2,"/Users/blandt/Desktop/Data/Rundowns/Par2 rundown Neon Jan 2020/200131_nwg201_2001310930par2_tom4,15,60/67",1160.8637559594938,2402.19640815793,2107.2020784736496,3414.8278959435715,1605.4525423422874,1237.5274456539769,"Wild type, par-3 -/-"
62,62,nwg201,2001310930par2,"/Users/blandt/Desktop/Data/Rundowns/Par2 rundown Neon Jan 2020/200131_nwg201_2001310930par2_tom4,15,60/68",2062.501939001321,13393.377087322431,10823.847924067655,18189.61959090478,2992.7131653652596,3072.3873165873256,"Wild type, par-3 -/-"
63,63,nwg201,2001310930par2,"/Users/blandt/Desktop/Data/Rundowns/Par2 rundown Neon Jan 2020/200131_nwg201_2001310930par2_tom4,15,60/78",1506.5232499105457,8322.452807468197,6377.159750993056,10645.759031343616,1349.626811319844,2101.134660350951,"Wild type, par-3 -/-"
64,64,nwg201,2001310930par2,"/Users/blandt/Desktop/Data/Rundowns/Par2 rundown Neon Jan 2020/200131_nwg201_2001310930par2_tom4,15,60/79",1913.574904615023,9289.407980907885,7761.043154974241,11181.421372608133,3575.2261452396806,2528.689514953621,"Wild type, par-3 -/-"
65,65,nwg201,2001310930par2,"/Users/blandt/Desktop/Data/Rundowns/Par2 rundown Neon Jan 2020/200131_nwg201_2001310930par2_tom4,15,60/80",1583.5799668538084,3480.6868577817236,2872.7328188411743,5085.856827422729,3458.2015571163975,1694.5836560663217,"Wild type, par-3 -/-"
66,66,nwg201,2001310930par2,"/Users/blandt/Desktop/Data/Rundowns/Par2 rundown Neon Jan 2020/200131_nwg201_2001310930par2_tom4,15,60/81",1532.0253209672226,6793.050165456942,6271.33799110102,8212.664408304503,1402.5434746163974,1944.7990140244538,"Wild type, par-3 -/-"
67,67,nwg201,2001310930par2,"/Users/blandt/Desktop/Data/Rundowns/Par2 rundown Neon Jan 2020/200131_nwg201_2001310930par2_tom4,15,60/82",1923.0035855460449,9112.147062520402,7231.429063349499,11913.9651062803,3022.7294638306685,2528.2577422336185,"Wild type, par-3 -/-"
68,68,nwg201,wt,"/Users/blandt/Desktop/Data/Rundowns/Par2 rundown Neon Jan 2020/200131_nwg201_wt_tom4,15,60/18",2696.71685434712,28990.975307373476,27972.77310087892,33640.83831817562,5629.683488102924,5123.819024841126,"Wild type, par-3 -/-"
69,69,nwg201,wt,"/Users/blandt/Desktop/Data/Rundowns/Par2 rundown Neon Jan 2020/200131_nwg201_wt_tom4,15,60/19",2683.7484731170393,26818.75065495702,23299.56253015189,33109.36302880099,6289.047576130902,4937.664959345081,"Wild type, par-3 -/-"
70,70,nwg201,wt,"/Users/blandt/Desktop/Data/Rundowns/Par2 rundown Neon Jan 2020/200131_nwg201_wt_tom4,15,60/20",2975.264880870934,32513.597781193977,26855.74917117446,36538.93683441327,7056.681966522429,5779.6194986974015,"Wild type, par-3 -/-"
71,71,nwg201,wt,"/Users/blandt/Desktop/Data/Rundowns/Par2 rundown Neon Jan 2020/200131_nwg201_wt_tom4,15,60/21",3020.290434605058,27937.202980407114,28974.29805609444,32600.47731801768,6139.780845440487,5238.80188582512,"Wild type, par-3 -/-"
72,72,nwg201,wt,"/Users/blandt/Desktop/Data/Rundowns/Par2 rundown Neon Jan 2020/200131_nwg201_wt_tom4,15,60/22",3171.8210005010874,32144.683436123323,33894.061136308905,33804.5145726495,7765.095628088301,5794.239694712465,"Wild type, par-3 -/-"
73,73,nwg240,2001301800par2,"/Users/blandt/Desktop/Data/Rundowns/Par2 rundown Neon Jan 2020/200131_nwg240_2001301800par2_tom4,15,60/04",1302.1685566925732,1177.489003911918,806.8549855022959,1647.7782135147836,487.51050201857834,1253.26677616668,C56S
74,74,nwg240,2001301800par2,"/Users/blandt/Desktop/Data/Rundowns/Par2 rundown Neon Jan 2020/200131_nwg240_2001301800par2_tom4,15,60/06",1003.1782532584575,747.3956668961446,513.1067132269508,908.329957477258,9.898418775720529,941.3105137603961,C56S
75,75,nwg240,2001310930par2,"/Users/blandt/Desktop/Data/Rundowns/Par2 rundown Neon Jan 2020/200131_nwg240_2001310930par2_tom4,15,60/44",5393.595216534143,7799.707186176405,2050.9250501977494,17618.550490833808,5346.322611563271,5265.965279211518,C56S
76,76,nwg240,2001310930par2,"/Users/blandt/Desktop/Data/Rundowns/Par2 rundown Neon Jan 2020/200131_nwg240_2001310930par2_tom4,15,60/45",5557.232201588809,7796.35197897641,-1239.2002701667113,19158.945266657705,5703.4378415164965,5466.650156582234,C56S
77,77,nwg240,2001310930par2,"/Users/blandt/Desktop/Data/Rundowns/Par2 rundown Neon Jan 2020/200131_nwg240_2001310930par2_tom4,15,60/46",5530.2963785364245,6817.875882844529,2135.1830789195333,16189.569946981776,5363.498065888051,5400.922322628839,C56S
78,78,nwg246,2001301800par2,"/Users/blandt/Desktop/Data/Rundowns/Par2 rundown Neon Jan 2020/200131_nwg246_2001301800par2_tom4,15,60/11",962.2272809591678,893.5573245113596,718.4650253121142,1742.8303136434467,314.5069153367331,917.7973920073596,"C56S, par-3 -/-"
79,79,nwg246,2001301800par2,"/Users/blandt/Desktop/Data/Rundowns/Par2 rundown Neon Jan 2020/200131_nwg246_2001301800par2_tom4,15,60/12",868.2591851846387,910.8209756339268,891.8002264733877,1297.7124887589057,385.1611161313058,844.2569016558862,"C56S, par-3 -/-"
80,80,nwg246,2001301800par2,"/Users/blandt/Desktop/Data/Rundowns/Par2 rundown Neon Jan 2020/200131_nwg246_2001301800par2_tom4,15,60/13",1105.5230387012127,1486.1007366982678,1541.2043021417117,1562.6185457840122,530.1275924491092,1105.113105308086,"C56S, par-3 -/-"
81,81,nwg246,2001301800par2,"/Users/blandt/Desktop/Data/Rundowns/Par2 rundown Neon Jan 2020/200131_nwg246_2001301800par2_tom4,15,60/14",895.9026405160552,1309.3897411623623,1347.712141818029,1259.0307077572045,514.0127490075793,901.2245561283427,"C56S, par-3 -/-"
82,82,nwg246,2001301800par2,"/Users/blandt/Desktop/Data/Rundowns/Par2 rundown Neon Jan 2020/200131_nwg246_2001301800par2_tom4,15,60/15",789.7687937108324,776.9376584305492,753.6279940761334,1102.5525920640293,-189.02188914822455,768.6470597497587,"C56S, par-3 -/-"
83,83,nwg246,2001301800par2,"/Users/blandt/Desktop/Data/Rundowns/Par2 rundown Neon Jan 2020/200131_nwg246_2001301800par2_tom4,15,60/16",1079.611202444383,1388.6259976863316,770.6508584092147,2004.981439720514,491.9733685081337,1065.391591364576,"C56S, par-3 -/-"
84,84,nwg246,2001301800par2,"/Users/blandt/Desktop/Data/Rundowns/Par2 rundown Neon Jan 2020/200131_nwg246_2001301800par2_tom4,15,60/17",807.5819233129105,799.3902626966982,916.9989073424038,1044.2794809061868,241.39119497038337,786.5063088929662,"C56S, par-3 -/-"
85,85,nwg246,2001301800par2,"/Users/blandt/Desktop/Data/Rundowns/Par2 rundown Neon Jan 2020/200131_nwg246_2001301800par2_tom4,15,60/18",1457.8715827184528,2547.178337323314,1981.5219935084128,3614.564427617746,1450.6331106893622,1495.9429826981543,"C56S, par-3 -/-"
86,86,nwg246,2001310930par2,"/Users/blandt/Desktop/Data/Rundowns/Par2 rundown Neon Jan 2020/200131_nwg246_2001310930par2_tom4,15,60/39",3488.5486839074347,12566.733424607306,11314.177167268472,12907.532136690548,4721.661125510021,4281.758823523343,"C56S, par-3 -/-"
87,87,nwg246,2001310930par2,"/Users/blandt/Desktop/Data/Rundowns/Par2 rundown Neon Jan 2020/200131_nwg246_2001310930par2_tom4,15,60/40",4227.940549149115,14886.131408231524,11968.79099758887,17740.857756325884,5684.953979672294,5139.212712636388,"C56S, par-3 -/-"
88,88,nwg246,2001310930par2,"/Users/blandt/Desktop/Data/Rundowns/Par2 rundown Neon Jan 2020/200131_nwg246_2001310930par2_tom4,15,60/41",4119.9393532353,13512.078537609254,11370.296198359854,14608.422498439688,5423.312572783757,4978.118528276554,"C56S, par-3 -/-"
89,89,nwg246,2001310930par2,"/Users/blandt/Desktop/Data/Rundowns/Par2 rundown Neon Jan 2020/200131_nwg246_2001310930par2_tom4,15,60/42",3844.8411027890975,12854.802381926373,12536.88101006494,12457.60068063876,5141.441157806327,4565.693328476963,"C56S, par-3 -/-"
90,90,nwg246,2001310930par2,"/Users/blandt/Desktop/Data/Rundowns/Par2 rundown Neon Jan 2020/200131_nwg246_2001310930par2_tom4,15,60/43",4132.955282069864,13730.428884134826,10247.273266686107,14419.755181329472,5486.664944893234,4873.289359157806,"C56S, par-3 -/-"
91,91,nwg246,2001310930par2,"/Users/blandt/Desktop/Data/Rundowns/Par2 rundown Neon Jan 2020/200131_nwg246_2001310930par2_tom4,15,60/44",4141.340913618001,11412.228586647454,7808.613044848825,13586.468180042284,5063.454280852108,4644.481109359594,"C56S, par-3 -/-"
92,92,nwg246,2001310930par2,"/Users/blandt/Desktop/Data/Rundowns/Par2 rundown Neon Jan 2020/200131_nwg246_2001310930par2_tom4,15,60/50",3287.564869353776,9113.277125456483,7089.151537295547,9276.012195775964,4212.76664687537,3749.637120176527,"C56S, par-3 -/-"
93,93,nwg246,2001310930par2,"/Users/blandt/Desktop/Data/Rundowns/Par2 rundown Neon Jan 2020/200131_nwg246_2001310930par2_tom4,15,60/51",3397.465209614642,10903.34006580149,8582.0283703077,13462.030226505927,3579.401815613478,3957.5038558035294,"C56S, par-3 -/-"
94,94,nwg246,2001310930par2,"/Users/blandt/Desktop/Data/Rundowns/Par2 rundown Neon Jan 2020/200131_nwg246_2001310930par2_tom4,15,60/52",3348.307602687313,12549.762182454579,11296.621572215414,12835.599441079656,4751.399490067529,4112.329306141191,"C56S, par-3 -/-"
95,95,nwg246,2001310930par2,"/Users/blandt/Desktop/Data/Rundowns/Par2 rundown Neon Jan 2020/200131_nwg246_2001310930par2_tom4,15,60/53",3452.0000954261577,9773.324695527876,7495.294696173644,11088.166275001468,4112.765216280454,3911.8892031969135,"C56S, par-3 -/-"
96,96,nwg246,2001310930par2,"/Users/blandt/Desktop/Data/Rundowns/Par2 rundown Neon Jan 2020/200131_nwg246_2001310930par2_tom4,15,60/54",3374.1890382415745,10855.714840616925,9434.064917860862,11709.24090224272,4079.547215484393,4020.5511908243716,"C56S, par-3 -/-"
97,97,nwg246,2001310930par2,"/Users/blandt/Desktop/Data/Rundowns/Par2 rundown Neon Jan 2020/200131_nwg246_2001310930par2_tom4,15,60/55",3069.457664214345,8780.830046942974,6842.451932895068,9226.057095136875,3063.9895336654,3532.423729937409,"C56S, par-3 -/-"
98,98,nwg246,2001310930par2,"/Users/blandt/Desktop/Data/Rundowns/Par2 rundown Neon Jan 2020/200131_nwg246_2001310930par2_tom4,15,60/69",2031.2939835089273,4395.348288253481,3697.8542809125884,4196.387522396212,1287.397934547459,2167.517989004862,"C56S, par-3 -/-"
99,99,nwg246,2001310930par2,"/Users/blandt/Desktop/Data/Rundowns/Par2 rundown Neon Jan 2020/200131_nwg246_2001310930par2_tom4,15,60/70",2083.9200941347494,4883.4134280876,4180.313061534471,4319.102654184109,2406.1350894790403,2299.676043590599,"C56S, par-3 -/-"
100,100,nwg246,2001310930par2,"/Users/blandt/Desktop/Data/Rundowns/Par2 rundown Neon Jan 2020/200131_nwg246_2001310930par2_tom4,15,60/71",2145.4912708993365,4398.211328607307,3052.4041810086624,5107.306929321949,2106.480793122486,2266.6153957388474,"C56S, par-3 -/-"
101,101,nwg246,2001310930par2,"/Users/blandt/Desktop/Data/Rundowns/Par2 rundown Neon Jan 2020/200131_nwg246_2001310930par2_tom4,15,60/72",1755.8178934462587,3345.9816240857103,2397.1682017308704,3880.18864057393,1425.8778511098508,1843.1745257019759,"C56S, par-3 -/-"
102,102,nwg246,2001310930par2,"/Users/blandt/Desktop/Data/Rundowns/Par2 rundown Neon Jan 2020/200131_nwg246_2001310930par2_tom4,15,60/73",2277.791713119137,5687.819544190923,5012.601684718538,5990.896156928905,2484.8404602887313,2561.887121754469,"C56S, par-3 -/-"
103,103,nwg246,2001310930par2,"/Users/blandt/Desktop/Data/Rundowns/Par2 rundown Neon Jan 2020/200131_nwg246_2001310930par2_tom4,15,60/82",1547.6418842770602,2505.9596304603006,1715.1968320273882,2940.390943944359,1129.3372151428766,1574.8036024823725,"C56S, par-3 -/-"
104,104,nwg246,wt,"/Users/blandt/Desktop/Data/Rundowns/Par2 rundown Neon Jan 2020/200131_nwg246_wt_tom4,15,60/22",4497.705329858408,15743.429759095881,11701.01811051045,17223.898918382158,6819.339121593001,5513.890149267902,"C56S, par-3 -/-"
105,105,nwg246,wt,"/Users/blandt/Desktop/Data/Rundowns/Par2 rundown Neon Jan 2020/200131_nwg246_wt_tom4,15,60/23",4465.194430769941,15906.791155676256,12650.910169787352,16678.059196504757,6879.079118448096,5426.959595113881,"C56S, par-3 -/-"
106,106,nwg246,wt,"/Users/blandt/Desktop/Data/Rundowns/Par2 rundown Neon Jan 2020/200131_nwg246_wt_tom4,15,60/25",4083.2593451049174,14414.803841871231,11520.504916423197,16083.598592467542,5778.5832233501105,4902.270669706679,"C56S, par-3 -/-"
