Strain,Genotype,Plate,Eggs 3/11/21,L4s 5/11/21,Eggs 5/11/21,Total 5/11/21,Lethality 5/11/21,Sterile 6/11/21,Sterility 6/11/21
N2,N2,1,20,20,0,20,0,0,0
N2,N2,2,19,21,0,21,0,0,0
N2,N2,3,23,25,0,25,0,0,0
N2,N2,4,14,13,1,14,0.071428571,0,0
N2,N2,5,23,25,0,25,0,0,0
N2,N2,6,32,32,0,32,0,0,0
N2,N2,7,22,21,0,21,0,0,0
N2,N2,8,18,17,0,17,0,0,0
N2,N2,9,24,26,0,26,0,0,0
N2,N2,10,22,22,0,22,0,0,0
NWG398,"L109R, GCN4",1,17,16,0,16,0,1,0.0625
NWG398,"L109R, GCN4",2,9,9,0,9,0,0,0
NWG398,"L109R, GCN4",3,23,23,0,23,0,2,0.086956522
NWG398,"L109R, GCN4",4,15,15,0,15,0,4,0.266666667
NWG398,"L109R, GCN4",5,21,21,0,21,0,2,0.095238095
NWG398,"L109R, GCN4",6,16,15,0,15,0,0,0
NWG398,"L109R, GCN4",7,22,22,0,22,0,1,0.045454545
NWG398,"L109R, GCN4",8,12,13,0,13,0,2,0.153846154
NWG398,"L109R, GCN4",9,19,17,0,17,0,0,0
NWG325,Wild type,1,19,17,0,17,0,0,0
NWG325,Wild type,2,26,27,0,27,0,0,0
NWG325,Wild type,3,16,17,0,17,0,0,0
NWG325,Wild type,5,13,13,0,13,0,0,0
NWG325,Wild type,6,24,24,0,24,0,0,0
NWG325,Wild type,7,25,29,0,29,0,0,0
NWG325,Wild type,8,18,23,0,23,0,0,0
NWG325,Wild type,9,30,26,0,26,0,0,0
NWG325,Wild type,10,15,15,0,15,0,0,0
NWG400,L50R,1,19,22,0,22,0,0,0
NWG400,L50R,2,23,25,1,26,0.038461538,0,0
NWG400,L50R,3,30,31,0,31,0,0,0
NWG400,L50R,4,17,20,0,20,0,0,0
NWG400,L50R,5,29,33,0,33,0,0,0
NWG400,L50R,6,23,22,1,23,0.043478261,0,0
NWG400,L50R,7,27,27,0,27,0,0,0
NWG400,L50R,8,21,24,0,24,0,0,0
NWG400,L50R,9,13,17,0,17,0,0,0
NWG400,L50R,10,18,19,0,19,0,0,0
NWG407,"C56S, L109R",1,28,28,1,29,0.034482759,16,0.571428571
NWG407,"C56S, L109R",2,26,19,6,25,0.24,12,0.631578947
NWG407,"C56S, L109R",3,16,12,3,15,0.2,7,0.583333333
NWG407,"C56S, L109R",4,28,22,0,22,0,16,0.727272727
NWG407,"C56S, L109R",5,31,26,4,30,0.133333333,19,0.730769231
NWG407,"C56S, L109R",6,22,8,12,20,0.6,8,1
NWG407,"C56S, L109R",7,27,23,2,25,0.08,11,0.47826087
NWG407,"C56S, L109R",8,18,6,10,16,0.625,2,0.333333333
NWG407,"C56S, L109R",9,18,6,9,15,0.6,4,0.666666667
NWG407,"C56S, L109R",10,30,16,13,29,0.448275862,15,0.9375
NWG240,C56S,1,16,11,6,17,0.352941176,7,0.636363636
NWG240,C56S,2,25,17,8,25,0.32,13,0.764705882
NWG240,C56S,3,18,19,0,19,0,2,0.105263158
NWG240,C56S,4,29,26,2,28,0.071428571,9,0.346153846
NWG240,C56S,6,17,5,8,13,0.615384615,1,0.2
NWG240,C56S,7,14,1,11,12,0.916666667,0,0
NWG240,C56S,8,29,17,12,29,0.413793103,10,0.588235294
NWG240,C56S,9,26,20,4,24,0.166666667,4,0.2
NWG240,C56S,10,22,12,8,20,0.4,8,0.666666667
NWG417,GCN4w,1,27,26,0,26,0,2,0.076923077
NWG417,GCN4w,2,27,26,0,26,0,1,0.038461538
NWG417,GCN4w,3,25,26,0,26,0,1,0.038461538
NWG417,GCN4w,4,17,18,0,18,0,5,0.277777778
NWG417,GCN4w,5,19,19,0,19,0,2,0.105263158
NWG417,GCN4w,6,25,26,0,26,0,5,0.192307692
NWG417,GCN4w,7,23,25,0,25,0,4,0.16
NWG417,GCN4w,8,28,27,0,27,0,1,0.037037037
NWG417,GCN4w,9,29,31,0,31,0,4,0.129032258
NWG417,GCN4w,10,37,36,0,36,0,1,0.027777778
NWG376,GCN4,1,15,15,0,15,0,0,0
NWG376,GCN4,2,14,13,1,14,0.071428571,0,0
NWG376,GCN4,3,15,15,0,15,0,0,0
NWG376,GCN4,4,12,11,0,11,0,0,0
NWG376,GCN4,5,14,17,0,17,0,0,0
NWG376,GCN4,6,16,18,0,18,0,0,0
NWG376,GCN4,7,19,21,1,22,0.045454545,0,0
NWG376,GCN4,8,20,20,0,20,0,0,0
NWG376,GCN4,9,17,15,0,15,0,0,0
NWG376,GCN4,10,12,14,0,14,0,0,0
NWG381,"C56S, GCN4",1,13,11,1,12,0.083333333,8,0.727272727
NWG381,"C56S, GCN4",2,15,9,2,11,0.181818182,7,0.777777778
NWG381,"C56S, GCN4",3,22,24,0,24,0,12,0.5
NWG381,"C56S, GCN4",4,15,15,0,15,0,6,0.4
NWG381,"C56S, GCN4",5,19,20,0,20,0,15,0.75
NWG381,"C56S, GCN4",6,27,28,0,28,0,10,0.357142857
NWG381,"C56S, GCN4",7,20,20,0,20,0,15,0.75
NWG381,"C56S, GCN4",8,21,24,0,24,0,9,0.375
NWG381,"C56S, GCN4",9,21,22,0,22,0,16,0.727272727
NWG381,"C56S, GCN4",10,19,18,0,18,0,16,0.888888889
NWG419,"L109R, GCN4w",1,11,5,5,10,0.5,3,0.6
NWG419,"L109R, GCN4w",2,27,24,1,25,0.04,10,0.416666667
NWG419,"L109R, GCN4w",3,26,26,3,29,0.103448276,11,0.423076923
NWG419,"L109R, GCN4w",4,20,22,0,22,0,14,0.636363636
NWG419,"L109R, GCN4w",5,26,29,0,29,0,11,0.379310345
NWG419,"L109R, GCN4w",6,24,21,3,24,0.125,10,0.476190476
NWG419,"L109R, GCN4w",7,30,26,2,28,0.071428571,11,0.423076923
NWG419,"L109R, GCN4w",8,19,18,1,19,0.052631579,11,0.611111111
NWG419,"L109R, GCN4w",9,20,21,1,22,0.045454545,4,0.19047619
NWG419,"L109R, GCN4w",10,8,6,1,7,0.142857143,4,0.666666667
NWG338,L109R,1,33,34,0,34,0,0,0
NWG338,L109R,2,29,28,0,28,0,0,0
NWG338,L109R,3,20,19,0,19,0,0,0
NWG338,L109R,4,25,25,0,25,0,0,0
NWG338,L109R,5,29,32,0,32,0,0,0
NWG338,L109R,6,22,22,0,22,0,0,0
NWG338,L109R,7,26,26,0,26,0,0,0
NWG338,L109R,8,26,27,0,27,0,0,0
NWG338,L109R,9,29,33,0,33,0,0,0
NWG338,L109R,10,19,22,0,22,0,0,0
NWG351,"L50R, L109R",1,20,22,0,22,0,0,0
NWG351,"L50R, L109R",2,29,27,0,27,0,0,0
NWG351,"L50R, L109R",3,19,19,0,19,0,0,0
NWG351,"L50R, L109R",4,29,29,0,29,0,0,0
NWG351,"L50R, L109R",5,11,11,0,11,0,0,0
NWG351,"L50R, L109R",6,32,29,0,29,0,0,0
NWG351,"L50R, L109R",7,23,23,0,23,0,0,0
NWG351,"L50R, L109R",8,23,21,0,21,0,0,0
NWG351,"L50R, L109R",9,20,20,0,20,0,0,0
NWG351,"L50R, L109R",10,21,21,0,21,0,0,0